{
  "Ubuntu (operating system)": 1.0,
  "Lasso": 0.009126984126984128,
  "Bonita, California": 2.0,
  "Dune": 1.0,
  "SPARK": 0.01699134199134199,
  "Oz": 0.00625,
  "Falcon": 0.009642857142857142,
  "Oxygene": 0.02392857142857143,
  "Bash (Unix shell)": 1.0,
  "Autonomic nervous system": 1.0,
  "MySQL": 1.0,
  "Speedcoding": 0.01020408163265306,
  "Pascal": 0.16349206349206347,
  "Orwell": 0.011904761904761904,
  "Clojure": 0.053571428571428575,
  "PowerShell": 0.006071428571428571,
  "WLanguage": 0.0035714285714285713,
  "Structured programming": 0.38833333333333336,
  "Mesa": 0.07142857142857142,
  "Rust": 0.015714285714285715,
  "Flux": 1.0,
  "Workflow": 2.0,
  "Cel": 0.007936507936507936,
  "Latex": 1.0,
  "Idris": 0.0035714285714285713,
  "ECMAScript": 0.0025000000000000005,
  "Alef": 0.0035714285714285713,
  "Squirrel": 0.0058333333333333345,
  "OpenOffice": 1.0,
  "Deesel": 0.05,
  "Elixir": 0.025,
  "Entity–relationship model": 1.0,
  "C#": 0.1958333333333333,
  "Miranda": 0.011904761904761904,
  "GemStone/S Object Server": 0.0035714285714285713,
  "ABC": 0.004545454545454546,
  "B": 0.01020408163265306,
  "C": 0.16020021645021643,
  "Quill": 0.007142857142857143,
  "Euclid": 0.075,
  "Apache Tomcat": 1.0,
  "Pnuts": 0.05,
  "Étude": 1.0,
  "A♯": 0.0035714285714285713,
  "D programming language": 0.012023809523809523,
  "Python (programming language)": 1.0,
  "BlitzBasic": 0.016666666666666666,
  "Document Object Model": 1.0,
  "Mini": 1.0,
  "Genie": 0.02035714285714286,
  "Charm": 0.0035714285714285713,
  "Functional programming": 0.3890476190476191,
  "Michel Eugène Chevreul": 1.0,
  "Java": 0.23415584415584415,
  "ALGOL W": 0.023809523809523808,
  "COBOL": 0.007142857142857143,
  "webMethods Flow": 0.05,
  "Curl": 0.0033333333333333335,
  "Application software": 1.0,
  "Ministry of Intelligence and National Security (Iran)": 3.0,
  "Red": 0.005555555555555556,
  "Medicine": 1.0,
  "Adobe Photoshop": 1.0,
  "Microsoft Windows": 2.0,
  "NetBeans": 1.0,
  "Logtalk": 0.011507936507936507,
  "Bachelor\u0027s degree": 2.0,
  "Java_(programming_language)": 1.0,
  "ISWIM": 0.011904761904761904,
  "ActionScript": 0.0033333333333333335,
  "Ada": 0.23452380952380947,
  "Opa": 0.0033333333333333335,
  "Itk": 0.0035714285714285713,
  "Language Integrated Query": 0.0035714285714285713,
  "Scheme": 0.007142857142857143,
  "Oracle Database": 1.0,
  "Elm": 0.0035714285714285713,
  "Marseille": 1.0,
  "Common Lisp": 0.007142857142857143,
  "Microsoft Visual Studio": 1.0,
  "Reia": 0.0025000000000000005,
  "VHDL": 0.01461038961038961,
  "Racket": 0.013095238095238094,
  "Secondary education in France": 1.0,
  "Rugby union positions": 1.0,
  "F#": 0.020734126984126983,
  "Lisp": 0.04859307359307359,
  "Object Pascal": 0.09375,
  "Sather": 0.005952380952380952,
  "Novella": 4.0,
  "Steganography": 1.0,
  "Linux": 1.0,
  ".net": 1.0,
  "QuakeC": 0.0035714285714285713,
  "Icon": 0.004545454545454546,
  "Orc": 0.007142857142857143,
  "MiniD": 0.0025000000000000005,
  "Qt Development Frameworks": 2.0,
  "CoDeveloper": 0.0035714285714285713,
  "Prograph": 0.1,
  "Umple": 0.0035714285714285713,
  "Reflection (computer programming)": 0.3383333333333334,
  "Ur, Ur/Web": 0.0035714285714285713,
  "AWK": 0.0035714285714285713,
  "User interface": 1.0,
  "JavaScript": 0.10607142857142858,
  "GScript": 0.05,
  "Oberon-2": 0.0035714285714285713,
  "Procedural programming": 0.051666666666666666,
  "Aldor": 0.007142857142857143,
  "C++": 0.1218524531024531,
  "Khaled (musician)": 1.0,
  "Office suite": 1.0,
  "Strict programming language": 0.023809523809523808,
  "Cyclone": 0.0035714285714285713,
  "BitC": 0.0035714285714285713,
  "Exploration": 1.0,
  "XC": 0.0035714285714285713,
  "MOO": 0.01818181818181818,
  "Draco": 0.007142857142857143,
  "Pizza": 0.07767857142857143,
  "CoffeeScript": 0.009404761904761905,
  "Dete": 1.0,
  "Model–view–controller": 1.0,
  "XL": 0.01103896103896104,
  "Software design pattern": 1.0,
  "XHTML": 1.0,
  "Mercury": 0.0035714285714285713,
  "Event-driven programming": 0.03809523809523809,
  "COLA": 0.007142857142857143,
  "SASL": 0.011904761904761904,
  "AgentSheets": 0.0035714285714285713,
  "Avenue (landscape)": 1.0,
  "Seed7": 0.06818181818181819,
  "Go": 0.009642857142857142,
  "CLU": 0.013492063492063493,
  "MATLAB": 1.0,
  "San Diego": 1.0,
  "Java (programming language)": 1.0,
  "Debian": 1.0,
  "OCaml": 0.00625,
  "Pike": 0.0035714285714285713,
  "EasyLanguage": 0.0035714285714285713,
  "Haskell": 0.10454545454545454,
  "Zumba": 1.0,
  "OptimJ": 0.05,
  "Joe-E": 0.05,
  "Swift (parallel scripting language)": 0.1,
  "Paul the Apostle": 1.0,
  "Germans": 1.0,
  "C--": 0.0035714285714285713,
  "Genesis creation narrative": 1.0,
  "Unified Modeling Language": 1.0,
  "Scripting language": 0.060000000000000005,
  "Perl": 0.02716450216450217,
  "Super Pascal": 0.0035714285714285713,
  "Nickle": 0.014285714285714285,
  "Cascading Style Sheets": 1.0,
  "Perl 6": 0.0033333333333333335,
  "Xtend": 0.005555555555555556,
  "Dylan": 0.004545454545454546,
  "Objeck": 0.05,
  "Modula": 0.0035714285714285713,
  "OS X": 2.0,
  "United Nations International School": 1.0,
  "Monkey X": 0.06654761904761905,
  "LiveScript": 0.006904761904761905,
  "LPC": 0.007142857142857143,
  "Objective-J": 0.01126984126984127,
  "Io": 0.0025000000000000005,
  "Obliq": 0.014285714285714285,
  "Gosu": 0.06214285714285715,
  "Self": 0.011904761904761904,
  "XBasic": 0.0035714285714285713,
  "Karel the Robot": 0.0035714285714285713,
  "Swift (programming language)": 0.025634920634920635,
  "COOL": 0.0035714285714285713,
  "Modular programming": 0.051666666666666666,
  "Newspeak": 0.0035714285714285713,
  "Objective-C": 0.07857142857142857,
  "PHP": 1.0,
  "ABAP/4": 0.007936507936507936,
  "Hack": 0.006071428571428571,
  "AngelScript": 0.0035714285714285713,
  "Script.NET": 0.0033333333333333335,
  "Prolog": 1.0,
  "Django (web framework)": 1.0,
  "Switzerland": 3.0,
  "Spec#": 0.012023809523809523,
  "Atom": 0.0035714285714285713,
  "Kotlin": 0.11162698412698413,
  "Julia": 0.006071428571428571,
  "Modula-2+": 0.03571428571428571,
  "OpenCV": 3.0,
  "Web application": 1.0,
  "Java Platform, Enterprise Edition": 1.0,
  "German language": 17.0,
  "smalltalk": 0.11793831168831169,
  "Course (education)": 1.0,
  "Fantom": 0.061626984126984134,
  "Film": 1.0,
  "Ateji PX": 0.05,
  "Godiva": 0.05,
  "Groovy": 0.020436507936507937,
  "Eclipse (software)": 1.0,
  "Extensible programming": 0.010000000000000002,
  "Fortran": 0.01020408163265306,
  "asm.js": 0.0033333333333333335,
  "Sport": 1.0,
  "Generic Java": 0.07142857142857142,
  "Eiffel": 0.11738816738816737,
  "Python": 0.08333333333333334,
  "ML": 0.043154761904761904,
  "Lisaac": 0.009523809523809523,
  "PHP4Delphi": 0.017857142857142856,
  "WildFly": 1.0,
  "Boo": 0.008571428571428572,
  "Volleyball": 1.0,
  "Monarch": 1.0,
  "Vala": 0.008571428571428572,
  "Ceylon": 0.005555555555555556,
  "Windows PowerShell": 0.006071428571428571,
  "EEL": 0.007142857142857143,
  "Elijah": 1.0,
  "Certification": 2.0,
  "SQL": 1.0,
  "ParaSail": 0.01103896103896104,
  "QML": 0.0033333333333333335,
  "Physical fitness": 1.0,
  "UCBLogo": 0.023809523809523808,
  "Theatre": 2.0,
  "Fortress": 0.005555555555555556,
  "Converge": 0.0025000000000000005,
  "Baccalauréat": 1.0,
  "Analysis of algorithms": 1.0,
  "Roy": 0.0058333333333333345,
  "Fairy": 1.0,
  "Dart": 0.012976190476190476,
  "Piebald": 1.0,
  "English language": 7.0,
  "Military base": 1.0,
  "ALGOL 68": 0.0532415996701711,
  "Microsoft SQL Server": 2.0,
  "ALGOL 60": 0.04750566893424036,
  "Langue (Knights Hospitaller)": 1.0,
  "Seph": 0.025,
  "TypeScript": 0.05940476190476191,
  "Sept": 3.0,
  "(GvR) - Guido van Robot": 0.0025000000000000005,
  "Emerald": 0.075,
  "Imperative programming": 0.34833333333333333,
  "Lua": 0.0035714285714285713,
  "P*": 0.0035714285714285713,
  "France": 1.0,
  "Dun": 1.0,
  "Ruby": 0.033777056277056274,
  "Cobra": 0.01996031746031746,