{
  "SASL": 0.011904761904761904,
  "AgentSheets": 0.013571428571428573,
  "Lasso": 0.01912698412698413,
  "Seed7": 0.0881818181818182,
  "Go": 0.019642857142857142,
  "SPARK": 0.01699134199134199,
  "Oz": 0.00625,
  "CLU": 0.013492063492063493,
  "Falcon": 0.2429761904761905,
  "Oxygene": 0.02392857142857143,
  "OCaml": 0.00625,
  "Pike": 0.013571428571428573,
  "EasyLanguage": 0.0035714285714285713,
  "Haskell": 0.11883116883116883,
  "Speedcoding": 0.03877551020408163,
  "OptimJ": 0.060000000000000005,
  "Pascal": 0.17777777777777776,
  "Orwell": 0.011904761904761904,
  "Joe-E": 0.060000000000000005,
  "Swift (parallel scripting language)": 0.225,
  "Perl Data Language (PDL)": 0.013333333333333334,
  "Clojure": 0.06357142857142858,
  "PowerShell": 0.019404761904761904,
  "WLanguage": 0.013571428571428573,
  "Structured programming": 0.42833333333333334,
  "Mesa": 0.08571428571428572,
  "C--": 0.013571428571428573,
  "Rust": 0.025714285714285717,
  "Scripting language": 0.060000000000000005,
  "Perl": 0.2857359307359308,
  "Cel": 0.007936507936507936,
  "Super Pascal": 0.0035714285714285713,
  "Nickle": 0.014285714285714285,
  "Perl 6": 0.016666666666666666,
  "Xtend": 0.005555555555555556,
  "Dylan": 0.004545454545454546,
  "Idris": 0.0035714285714285713,
  "Objeck": 0.060000000000000005,
  "ECMAScript": 0.015833333333333335,
  "Alef": 0.013571428571428573,
  "Sed": 0.04000000000000001,
  "Modula": 0.0035714285714285713,
  "Prototype-based programming": 0.05,
  "Squirrel": 0.0058333333333333345,
  "Monkey X": 0.09654761904761908,
  "Deesel": 0.060000000000000005,
  "LiveScript": 0.006904761904761905,
  "Elixir": 0.025,
  "LPC": 0.04047619047619048,
  "C#": 0.2301190476190476,
  "Objective-J": 0.01126984126984127,
  "Miranda": 0.011904761904761904,
  "GemStone/S Object Server": 0.013571428571428573,
  "ABC": 0.004545454545454546,
  "B": 0.03877551020408163,
  "C": 0.4644859307359307,
  "Io": 0.0025000000000000005,
  "Obliq": 0.014285714285714285,
  "Quill": 0.017142857142857144,
  "Euclid": 0.075,
  "Gosu": 0.07214285714285715,
  "Self": 0.021904761904761906,
  "XBasic": 0.013571428571428573,
  "Pnuts": 0.060000000000000005,
  "A♯": 0.0035714285714285713,
  "Karel the Robot": 0.0035714285714285713,
  "D programming language": 0.012023809523809523,
  "BlitzBasic": 0.016666666666666666,
  "Swift (programming language)": 0.025634920634920635,
  "Genie": 0.02035714285714286,
  "COOL": 0.0035714285714285713,
  "Modular programming": 0.051666666666666666,
  "Charm": 0.0035714285714285713,
  "Newspeak": 0.013571428571428573,
  "Objective-C": 0.11285714285714288,
  "PHP": 1.0,
  "Functional programming": 0.7957142857142858,
  "ABAP/4": 0.007936507936507936,
  "Java": 0.6541558441558442,
  "ALGOL W": 0.023809523809523808,
  "Hack": 0.20607142857142857,
  "COBOL": 0.027142857142857146,
  "AngelScript": 0.013571428571428573,
  "webMethods Flow": 0.060000000000000005,
  "Script.NET": 0.0033333333333333335,
  "Curl": 0.0033333333333333335,
  "Spec#": 0.012023809523809523,
  "Atom": 0.0035714285714285713,
  "Kotlin": 0.12162698412698414,
  "Julia": 0.029404761904761906,
  "Red": 0.005555555555555556,
  "Modula-2+": 0.03571428571428571,
  "Logtalk": 0.02150793650793651,
  "Java_(programming_language)": 1.0,
  "ISWIM": 0.011904761904761904,
  "ActionScript": 0.0033333333333333335,
  "smalltalk": 0.36079545454545453,
  "Ada": 0.3288095238095238,
  "Opa": 0.0033333333333333335,
  "Itk": 0.013571428571428573,
  "Language Integrated Query": 0.0035714285714285713,
  "Fantom": 0.07162698412698414,
  "Scheme": 0.007142857142857143,
  "Elm": 0.0035714285714285713,
  "Ateji PX": 0.060000000000000005,
  "Common Lisp": 0.007142857142857143,
  "Godiva": 0.060000000000000005,
  "Groovy": 0.03376984126984127,
  "Reia": 0.0025000000000000005,
  "Extensible programming": 0.010000000000000002,
  "Fortran": 0.03877551020408163,
  "asm.js": 0.0033333333333333335,
  "VHDL": 0.01461038961038961,
  "Racket": 0.013095238095238094,
  "Generic Java": 0.08571428571428572,
  "F#": 0.020734126984126983,
  "Nemo": 0.013333333333333334,
  "Eiffel": 0.13167388167388167,
  "Lisp": 0.18383116883116885,
  "Python": 0.15523809523809526,
  "Object Pascal": 0.1180357142857143,
  "ML": 0.0931547619047619,
  "Sather": 0.005952380952380952,
  "Lisaac": 0.019523809523809527,
  "PHP4Delphi": 0.21785714285714286,
  "Boo": 0.008571428571428572,
  "Vala": 0.008571428571428572,
  "Ceylon": 0.005555555555555556,
  "Windows PowerShell": 0.019404761904761904,
  "EEL": 0.017142857142857144,
  "ParaSail": 0.01103896103896104,
  "QML": 0.0033333333333333335,
  "Judoscript": 0.013333333333333334,
  "UCBLogo": 0.09047619047619047,
  "Fortress": 0.005555555555555556,
  "Converge": 0.0025000000000000005,
  "QuakeC": 0.013571428571428573,
  "Icon": 0.004545454545454546,
  "Roy": 0.0058333333333333345,
  "Dart": 0.022976190476190476,
  "Orc": 0.017142857142857144,
  "ALGOL 68": 0.13181302824159968,
  "MiniD": 0.0025000000000000005,
  "ALGOL 60": 0.07607709750566893,
  "CoDeveloper": 0.013571428571428573,
  "Seph": 0.025,
  "Prograph": 0.225,
  "TypeScript": 0.06940476190476191,
  "Umple": 0.21357142857142858,
  "Reflection (computer programming)": 0.6283333333333334,
  "Ur, Ur/Web": 0.0035714285714285713,
  "(GvR) - Guido van Robot": 0.0025000000000000005,
  "AWK": 0.05357142857142858,
  "Emerald": 0.08928571428571429,
  "JavaScript": 0.12607142857142858,
  "GScript": 0.05,
  "Oberon-2": 0.0035714285714285713,
  "Imperative programming": 0.6383333333333333,
  "Lua": 0.04214285714285714,
  "Procedural programming": 0.41833333333333333,
  "P*": 0.22690476190476191,
  "Aldor": 0.007142857142857143,
  "Ruby": 0.0956818181818182,
  "Cobra": 0.01996031746031746,
  "C++": 0.414709595959596,
  "BCPL": 0.03877551020408163,
  "Haxe": 0.006071428571428571,
  "Strict programming language": 0.023809523809523808,
  "Scala": 0.1455952380952381,
  "Cyclone": 0.013571428571428573,
  "Nu": 0.007936507936507936,
  "BlitzMax": 0.016666666666666666,
  "BitC": 0.0035714285714285713,
  "SQL/PSM": 0.01103896103896104,
  "XC": 0.013571428571428573,
  "MOO": 0.038181818181818185,
  "Draco": 0.017142857142857144,
  "ALGOL": 0.07607709750566893,
  "Logo": 0.09047619047619047,
  "Pizza": 0.07767857142857143,
  "CoffeeScript": 0.022738095238095238,
  "Nemerle": 0.006071428571428571,
  "XL": 0.01103896103896104,
  "Programming paradigm": 0.6288095238095239,
  "Modula-3": 0.10543831168831169,
  "Modula-2": 0.09563492063492063,
  "Mercury": 0.0035714285714285713,
  "Event-driven programming": 0.03809523809523809,
  "COLA": 0.017142857142857144
}